日,TensorFlow: (日本),PyTorch: (日本),Keras: (日本),Caffe: (日本),Deeplearning4j: (日本)
2022/11/13,,,,,
2022/11/14,,,,,
2022/11/15,,,,,
2022/11/16,,,,,
2022/11/17,,,,,
2022/11/18,,,,,
2022/11/19,,,,,
2022/11/20,,,,,
2022/11/21,,,,,
2022/11/22,,,,,
2022/11/23,,,,,
2022/11/24,,,,,
2022/11/25,,,,,
2022/11/26,,,,,
2022/11/27,,,,,
2022/11/28,,,,,
2022/11/29,,,,,
2022/11/30,,,,,
2022/12/1,,,,,
2022/12/2,,,,,
2022/12/3,,,,,
2022/12/4,,,,,
2022/12/5,,,,,
2022/12/6,,,,,
2022/12/7,,,,,
2022/12/8,,,,,
2022/12/9,,,,,
2022/12/10,,,,,
2022/12/11,,,,,
